visit_id,patient_id,visit_date,department,diagnosis,full_name,age,gender,total_fee,insurance_coverage
VK2000,BN104,2024-01-20,Nhi,Tieu Chay,Nguyen Van A,30.0,F,,
VK2002,BN112,2024-03-04,San,Tieu Chay,Hoang Van E,25.0,F,,
VK2003,BN135,2024-01-28,Ngoai,Chua Ro,Nguyen Van A,30.0,F,,
VK2005,BN111,2024-05-09,Ngoai,Chua Ro,Nguyen Van A,40.0,F,,
VK2006,BN110,2024-06-02,Nhi,Chua Ro,Hoang Van E,40.0,F,,
VK2007,BN120,2024-03-24,Ngoai,Chua Ro,Hoang Van E,35.0,F,,
VK2009,BN134,2024-05-20,Noi,Chua Ro,Nguyen Van A,40.0,F,,
VK2012,BN108,2024-03-18,Noi,Chua Ro,Hoang Van E,30.0,M,,
VK2017,BN119,2024-04-12,Nhi,Chua Ro,Le Van C,50.0,F,,
VK2018,BN104,2024-05-03,San,Chua Ro,Nguyen Van A,30.0,F,,
VK2021,BN127,2024-01-31,Nhi,Chua Ro,Hoang Van E,30.0,M,,
VK2023,BN119,2024-03-22,San,Chua Ro,Le Van C,50.0,F,,
VK2026,BN127,2024-04-10,San,Dau Bung,Hoang Van E,30.0,M,,
VK2028,BN125,2024-04-12,San,Chua Ro,Hoang Van E,30.0,M,,
VK2030,BN125,2024-02-20,Nhi,Dau Bung,Hoang Van E,30.0,M,,
VK2032,BN136,2024-06-20,San,Chua Ro,Nguyen Van A,1.0,F,,
VK2033,BN123,2024-03-23,Ngoai,Tieu Chay,Nguyen Van A,50.0,M,,
VK2034,BN101,2024-02-13,Ngoai,Tieu Chay,Hoang Van E,35.0,M,,
VK2038,BN100,2024-01-29,Noi,Chua Ro,Le Van C,30.0,F,,
VK2043,BN110,2024-02-21,Noi,Viem Phoi,Hoang Van E,40.0,F,,
VK2044,BN129,2024-01-03,Ngoai,Chua Ro,Nguyen Van A,25.0,M,,
VK2045,BN117,2024-06-17,Ngoai,Viem Phoi,Hoang Van E,40.0,M,,
VK2046,BN101,2024-06-15,San,Dau Bung,Hoang Van E,35.0,M,,
VK2048,BN138,2024-02-17,Nhi,Tieu Chay,Le Van C,50.0,M,,
VK2049,BN129,2024-01-06,Noi,Dau Bung,Nguyen Van A,25.0,M,,
VK2050,BN133,2024-05-05,San,Chua Ro,Pham Thi D,35.0,M,,
VK2053,BN116,2024-01-08,Noi,Dau Bung,Le Van C,25.0,F,,
VK2054,BN109,2024-04-10,San,Viem Phoi,Tran Thi B,30.0,F,,
VK2055,BN124,2024-06-22,Nhi,Chua Ro,Tran Thi B,25.0,M,,
VK2056,BN115,2024-04-19,Noi,Tieu Chay,Pham Thi D,40.0,F,,
VK2058,BN108,2024-06-24,Nhi,Dau Bung,Hoang Van E,30.0,M,,
VK2063,BN119,2024-06-12,Noi,Dau Bung,Le Van C,50.0,F,,
VK2066,BN114,2024-01-07,Ngoai,Viem Phoi,Pham Thi D,50.0,F,,
VK2067,BN130,2024-06-03,Nhi,Chua Ro,Nguyen Van A,30.0,F,,
VK2068,BN123,2024-04-09,Nhi,Chua Ro,Nguyen Van A,50.0,M,,
VK2070,BN100,2024-04-15,Nhi,Chua Ro,Le Van C,30.0,F,,
VK2071,BN112,2024-01-17,San,Chua Ro,Hoang Van E,25.0,F,,
VK2078,BN118,2024-04-18,Noi,Tieu Chay,Tran Thi B,35.0,F,,
VK2079,BN103,2024-02-06,Nhi,Chua Ro,Le Van C,25.0,F,,
VK2080,BN128,2024-05-08,Ngoai,Dau Bung,Le Van C,1.0,F,,
VK2081,BN137,2024-06-27,San,Chua Ro,Le Van C,35.0,F,,
VK2082,BN126,2024-01-07,San,Chua Ro,Hoang Van E,1.0,F,,
VK2083,BN137,2024-02-21,Nhi,Viem Phoi,Le Van C,35.0,F,,
VK2085,BN107,2024-06-29,Nhi,Chua Ro,Nguyen Van A,25.0,M,,
VK2089,BN103,2024-03-20,Nhi,Chua Ro,Le Van C,25.0,F,,
VK2091,BN139,2024-01-04,Nhi,Chua Ro,Hoang Van E,25.0,F,,
VK2094,BN128,2024-06-02,Noi,Dau Bung,Le Van C,1.0,F,,
VK2096,BN111,2024-06-16,Ngoai,Viem Phoi,Nguyen Van A,40.0,F,,
VK2097,BN109,2024-06-19,Noi,Chua Ro,Tran Thi B,30.0,F,,
VK2102,BN135,2024-04-30,San,Viem Phoi,Nguyen Van A,30.0,F,,
VK2103,BN117,2024-04-15,Nhi,Chua Ro,Hoang Van E,40.0,M,,
VK2106,BN138,2024-03-07,Ngoai,Dau Bung,Le Van C,50.0,M,,
VK2111,BN121,2024-06-12,Nhi,Viem Phoi,Hoang Van E,30.0,F,,
VK2112,BN112,2024-03-06,Ngoai,Chua Ro,Hoang Van E,25.0,F,,
VK2113,BN119,2024-03-23,Noi,Viem Phoi,Le Van C,50.0,F,,
VK2118,BN126,2024-01-15,Noi,Tieu Chay,Hoang Van E,1.0,F,,
VK2119,BN120,2024-01-05,Nhi,Tieu Chay,Hoang Van E,35.0,F,,
